comment,source,title
595,雷帝触网,百度搜索公司总裁向海龙辞职 公司壮士断腕应对严峻局面
22,环球网,马克龙公开反对“华为禁令”：不打算屈服于美国压力
144,人民日报海外网,女子高铁站顺走他人挎包：“没人认领我拿走没错”
77,福建新闻广播FM1036,国家新规！ofo押金须2天内退完？网友坐不住了...
,中国经济网,港媒：“玉兔”月球车取得突破性发现 揭开月幔之谜
243,观察者网新媒体,美国欲对华为禁售？本来中国也要自力更生
3,环球时报,英媒：英国防长将大赦在海外犯下战争罪的士兵
378,澎湃新闻,内蒙古广电记者苗迎春“涉黑”，篡改资料成“2岁上小学”
18,新京报,商务部：中美贸易摩擦升级对中国经济影响完全可控
688,中国新闻网,2019《福布斯》全球上市公司2000强：前10位中国占5席
89,澎湃新闻,产妇分娩主治医生不在场致男婴产瘫，法院终审认定医院全责
18,新京报,腾讯员工平均月薪7万热翻网络 员工：不能这么算
89,上观新闻,昆明恶霸孙小果疑因“发明专利”获减刑，材料是其母所送
39,环球新闻,特朗普签署行政命令 限中国电信企业在美国销售
101,中国青年网,花1950万买茅台却没1瓶是真的，买家一脸懵：我去过生产车间
7,国际金融报,20年姻缘以诉讼收尾？日本全家和顶新或“决裂”，2500家中国门店将走向何方
147,人民日报海外网,四川一交警中队放行未罚款违章车243辆 中队长被判刑
5,环球时报,美墨边境移民人数打破记录，美国加派几百名执法官员
218,中新经纬,官方数据告诉你：一二线楼市回暖了！
59,环球网,华为海思总裁凌晨致信员工：多年备胎一夜转“正”，今后要科技自立！
16,新华网客户端,黑龙江省逊克县一铁矿发生透水事故19人被困
39,燕赵都市报,连休三天！端午节放假通知来了！高速公路免费吗？
460,环球网,韩国人高呼压力大！不吃不喝7年才能在首都圈买房
81,南方都市报,抖音开撕腾讯？再建议微信/QQ登录用户改头像昵称
426,上海热线侬好上海,上海突发楼房坍塌事故 20余名工人被困 百余名战士参与救援
38,新京报,西王集团等上亿存款被裁定冻结 董事长王勇称形势已好转
42,中宏网图文新闻,未在贸易战中得到便宜 美国又开始拿华为搞事情
42,环球时报,简氏：巴基斯坦空军将接收最后一批3架Block II枭龙战机
8,北青Qnews,四川凉山木里县再次发生火灾 48名消防指战员已向火场徒步开进
95,观察者网,默克尔：欧洲必须应对三大对手，但中俄与美国不太一样
,笔记侠,所有人都在谈转型，哪个才是大势所趋？
173,澎湃新闻,浙江义乌一楼盘300多套已售房将“消防前室”计入套内面积
31,中国经济网,4名“00后”恶势力犯罪团伙成员被判刑
67,观察者网,特朗普顾问自行策划伊朗战争？白宫紧急辟谣
48,经济观察报,“国六”加剧产业链淘汰 本土零部件再临生存难题
285,新华网客户端,习近平会见第六次全国自强模范暨助残先进表彰大会代表 李克强王沪宁参加会见
16,开屏新闻,奋战4天3夜！昆明安宁山火已全部扑灭，过火面积约87公顷
75,东博社,马来西亚正式从《罗马规约》名单除名
50,时间财经,“中国ZARA”拉夏贝尔亏1.6亿背后：疯狂开店“吞苦果” 销售费用60亿
366,环球网,外交部证实加拿大人康明凯、迈克尔依法被捕，陆慷：加方不要说三道四
130,AI财经社,你在京东自营退货的酒水和零食，他们都倒了，去年销毁亿元商品
23,南方都市报,特斯拉Model 3又调价了；吉利回应“降薪”事件
34,观察者网,巴基斯坦即将完成第二批“枭龙”战机组装
21,中国青年网,该！袭警辱警，还让民警结账，这些人通通被刑拘！
22,南方都市报,天津设立人工智能专业职称：不受学历、资历限制，证书京津冀互认
41,三言财经,中国手机厂商太猛 印度四大本土手机倒下两家
,华尔街见闻,货币操纵！欧盟处罚摩根大通等5家大行超10亿欧元 瑞银告密有功被豁免
60,环球时报,普京回应伊朗核协议问题：“俄罗斯并不是消防队”
1232,中国青年网,河北沧州农民工要活讨薪未果刺死公司副总，一审被判死刑上诉
138,南方都市报,腾讯员工平均月薪7万？真相是总裁刘炽平年薪3亿，张小龙或更高
417,央视网新闻,驾警车为盗矿者引路 帮杀人犯服刑仅半年 这些黑帮保护伞被铲除！
2,人民网,习近平：以更有活力文明成就贡献世界
14,新京报,《X战警：黑凤凰》将映，“一美”“法鲨”“三傻”来京
11,科技日报,嫦娥四号新发现！中国科学家证实月幔成分
22,南方周末,南应技校生存之道：没有资质，文凭不符，有偿招生
183,新华网客户端,习近平在亚洲文化嘉年华活动上的致辞
,澎湃新闻,外媒：苏丹军队开枪驱散示威者致9伤，军方和抗议者互相指责
5,环球网,土耳其外长：俄土S-400供应合同无延迟执行
86,龙视帮忙,冲动的代价！一杯开水7.7万！女子动车上将开水灌进前座乘客衣领，只因太冲动
4,新京报,Realme回归中国市场，将在国内第一批推出5G手机
1590,齐鲁网,问政山东丨社保窗口服务差，工作人员上班玩手机！省人社厅厅长：进行调查 严肃处理
139,汽车头条,海马汽车抛售400套房产上热搜，景柱回归痛陈“五大病因”
,中国新闻网,祁连山腹地夏日姗姗来迟 冰河解冻天蓝草绿
17,全国党媒信息公共平台,又一家企业要跨界造车了，而且竟然是一个吹风机品牌
3,参考消息,加拿大成了西方企业测试新产品的“小白鼠”……
381,新京报,周口警方悬赏五万 全力追查盗婴案
77,中国新闻网,香港公务员薪酬趋势报告：建议高级公务员加薪4.58%
7,环球时报,没诚意，来也白来，谈也白谈
806,光明网,女儿逛免税店错过登机 母亲扒舱门不让起飞 160名乘客凌晨苦等
134,环球网,马克龙：封杀华为不是法国的目标，现在发动科技战争不合适
18,观察者网,四艘051型驱逐舰光荣退役
,北京日报客户端,公安交管部门开展“五大曝光”行动，北京等10省公布终生禁驾名单
2,中国新闻网,杭州一公司非法吸收公众存款超3000万元：专盯中老年人
1184,新京报,海南道教协会会长回应家族产业质疑：1993年买地便宜 仅花费6000万完成建设
258,纵相新闻,打板员被“打包”进集装箱上飞机，顺丰航空被罚了！
14,新京报政事儿,为境外刺探、窃取国家秘密，近日两加拿大公民被逮捕
3859,上海热线要闻,"""重庆公交坠江""半年就忘了？坐过站恼羞成怒，66岁大爷锁喉司机！"
24,澎湃新闻,杭州“女股神”巨亏，豪宅司法网拍流拍后降价六百万二拍成交
,中青在线,深入理解新发展理念
33,新京报,看完这部电影，最想知道海蒂的家乡在哪里
5,光明网,旅美20多年 大熊猫“白云”携子回国
219,环球网,普京: 若不损害国家根本利益，莫斯科愿寻求与欧洲达成妥协
223,NBD汽车,澄清声明来了！上海坍塌建筑不是奔驰4S店，相关部门正组织救援
,中国经济网,家庭药箱该如何配备？浙江医院推备药攻略
1,每日经济新闻,对话泰国驻成都总领事吴威德：一道菜碰撞两种文明 多方面激发合作动能
1,中青在线,中乌“合作-2019”联合反恐演练圆满结束
20,中国社会科学网,还有这种操作？美驻奥地利使馆把领事服务“外包”给麦当劳了！
432,安徽网,网友不满安徽省儿童医院支付方式单一获官方回复
,北京日报客户端,延庆通报2起严重违纪违法问题
59,界面新闻,首轮中央环保督察及“回头看”收官：罚款24.6亿，行政和刑事拘留2264人
1,新华社,俄奥领导人支持完成“北溪-2”管道建设
24,中国青年网,英国男子网站上预定酒店 到达后发现是个集装箱
,每日经济新闻,商务部发言人答每经记者问：中国支持对世贸组织进行必要改革 维护多边贸易体制
309,人民日报海外网,一位伊朗出租车司机的困惑：开个车咋就和核武器扯上了关系
,央视网新闻,美媒：纽约市长将参加2020总统选举 与记者关系不好
9,中国新闻网,四川自贡破获近年最大非法集资案 涉案金额逾5亿
17,新华社,"习近平致信祝贺第三届世界智能大会开幕强调
　　推动新一代人工智能健康发展
　　更好造福世界各国人民"
4,中国经济网,国内研究团队新成果：7亿年前谁让“雪球地球”解冻
1,中国新闻网,美将华为列入管制“实体名单” 中方回应
,东南网,“数字赋能”让城市更智慧、生活更美好
2,环球网,美媒：白宫将改革移民体系，实行“择优录取”
4,中国新闻网,长江最长盾构隧道即将开始主航道勘察施工
,央视网新闻,美交通部命令停飞往返美国与委内瑞拉之间的航班
70,澎湃新闻,孟安明院士：相当部分科学家向钱看追热点，应重视自由探索
25,参考消息,英国外交大臣：不想在华为问题上与中国展开“新冷战”
18,新华网客户端,河南官渡黄河大桥主桥合龙
9,新京报,消息人士称委内瑞拉政府和反对派将进行对话
2,环球时报,普京：希望俄罗斯空天军近期采购76架苏-57战机
